INSERT INTO temporadas (ano, fecha_inicio_inscripcion, fecha_fin_inscripcion) VALUES (2023, TO_DATE('01/01/2023', 'DD/MM/YYYY'), TO_DATE('30/06/2023', 'DD/MM/YYYY'));
INSERT INTO equipos (nombre, logo, presupuesto) VALUES ('Equipo 1', EMPTY_BLOB(), DEFAULT);
INSERT INTO equipos (nombre, logo, presupuesto) VALUES ('Equipo 2', EMPTY_BLOB(), DEFAULT);
INSERT INTO equipos (nombre, logo, presupuesto) VALUES ('Equipo 3', EMPTY_BLOB(), DEFAULT);
INSERT INTO equipos (nombre, logo, presupuesto) VALUES ('Equipo 4', EMPTY_BLOB(), DEFAULT);
INSERT INTO equipos (nombre, logo, presupuesto) VALUES ('Equipo 5', EMPTY_BLOB(), DEFAULT);
INSERT INTO equipos (nombre, logo, presupuesto) VALUES ('Equipo 6', EMPTY_BLOB(), DEFAULT);
INSERT INTO equipos (nombre, logo, presupuesto) VALUES ('Equipo 7', EMPTY_BLOB(), DEFAULT);
INSERT INTO equipos (nombre, logo, presupuesto) VALUES ('Equipo 8', EMPTY_BLOB(), DEFAULT);
INSERT INTO equipos (nombre, logo, presupuesto) VALUES ('Equipo 9', EMPTY_BLOB(), DEFAULT);
INSERT INTO equipos (nombre, logo, presupuesto) VALUES ('Equipo 10', EMPTY_BLOB(), DEFAULT);
INSERT INTO equipos (nombre, logo, presupuesto) VALUES ('Equipo 11', EMPTY_BLOB(), DEFAULT);
INSERT INTO equipos (nombre, logo, presupuesto) VALUES ('Equipo 12', EMPTY_BLOB(), DEFAULT);
INSERT INTO agendas (email, telefono) VALUES ('example0@example.com', '123456789');
INSERT INTO jugadores (dni, nombre, apellido, pie, altura, cod_agenda) VALUES ('12345670', 'Jugador0', '0', 'Izquierdo', 180, 0);

INSERT INTO agendas (email, telefono) VALUES ('example1@example.com', '123456789');
INSERT INTO jugadores (dni, nombre, apellido, pie, altura, cod_agenda) VALUES ('12345671', 'Jugador1', '1', 'Izquierdo', 180, 1);

INSERT INTO agendas (email, telefono) VALUES ('example2@example.com', '123456789');
INSERT INTO jugadores (dni, nombre, apellido, pie, altura, cod_agenda) VALUES ('12345672', 'Jugador2', '2', 'Izquierdo', 180, 2);

INSERT INTO agendas (email, telefono) VALUES ('example3@example.com', '123456789');
INSERT INTO jugadores (dni, nombre, apellido, pie, altura, cod_agenda) VALUES ('12345673', 'Jugador3', '3', 'Izquierdo', 180, 3);

INSERT INTO agendas (email, telefono) VALUES ('example4@example.com', '123456789');
INSERT INTO jugadores (dni, nombre, apellido, pie, altura, cod_agenda) VALUES ('12345674', 'Jugador4', '4', 'Izquierdo', 180, 4);

INSERT INTO agendas (email, telefono) VALUES ('example5@example.com', '123456789');
INSERT INTO jugadores (dni, nombre, apellido, pie, altura, cod_agenda) VALUES ('12345675', 'Jugador5', '5', 'Izquierdo', 180, 5);

INSERT INTO agendas (email, telefono) VALUES ('example6@example.com', '123456789');
INSERT INTO jugadores (dni, nombre, apellido, pie, altura, cod_agenda) VALUES ('12345676', 'Jugador6', '6', 'Izquierdo', 180, 6);

INSERT INTO agendas (email, telefono) VALUES ('example7@example.com', '123456789');
INSERT INTO jugadores (dni, nombre, apellido, pie, altura, cod_agenda) VALUES ('12345677', 'Jugador7', '7', 'Izquierdo', 180, 7);

INSERT INTO agendas (email, telefono) VALUES ('example8@example.com', '123456789');
INSERT INTO jugadores (dni, nombre, apellido, pie, altura, cod_agenda) VALUES ('12345678', 'Jugador8', '8', 'Izquierdo', 180, 8);

INSERT INTO agendas (email, telefono) VALUES ('example9@example.com', '123456789');
INSERT INTO jugadores (dni, nombre, apellido, pie, altura, cod_agenda) VALUES ('12345679', 'Jugador9', '9', 'Izquierdo', 180, 9);

INSERT INTO agendas (email, telefono) VALUES ('example10@example.com', '123456789');
INSERT INTO jugadores (dni, nombre, apellido, pie, altura, cod_agenda) VALUES ('123456710', 'Jugador10', '10', 'Izquierdo', 180, 10);

INSERT INTO agendas (email, telefono) VALUES ('example11@example.com', '123456789');
INSERT INTO jugadores (dni, nombre, apellido, pie, altura, cod_agenda) VALUES ('123456711', 'Jugador11', '11', 'Izquierdo', 180, 11);

INSERT INTO agendas (email, telefono) VALUES ('example12@example.com', '123456789');
INSERT INTO jugadores (dni, nombre, apellido, pie, altura, cod_agenda) VALUES ('123456712', 'Jugador12', '12', 'Izquierdo', 180, 12);

INSERT INTO agendas (email, telefono) VALUES ('example13@example.com', '123456789');
INSERT INTO jugadores (dni, nombre, apellido, pie, altura, cod_agenda) VALUES ('123456713', 'Jugador13', '13', 'Izquierdo', 180, 13);

INSERT INTO agendas (email, telefono) VALUES ('example14@example.com', '123456789');
INSERT INTO jugadores (dni, nombre, apellido, pie, altura, cod_agenda) VALUES ('123456714', 'Jugador14', '14', 'Izquierdo', 180, 14);

INSERT INTO agendas (email, telefono) VALUES ('example15@example.com', '123456789');
INSERT INTO jugadores (dni, nombre, apellido, pie, altura, cod_agenda) VALUES ('123456715', 'Jugador15', '15', 'Izquierdo', 180, 15);

INSERT INTO agendas (email, telefono) VALUES ('example16@example.com', '123456789');
INSERT INTO jugadores (dni, nombre, apellido, pie, altura, cod_agenda) VALUES ('123456716', 'Jugador16', '16', 'Izquierdo', 180, 16);

INSERT INTO agendas (email, telefono) VALUES ('example17@example.com', '123456789');
INSERT INTO jugadores (dni, nombre, apellido, pie, altura, cod_agenda) VALUES ('123456717', 'Jugador17', '17', 'Izquierdo', 180, 17);

INSERT INTO agendas (email, telefono) VALUES ('example18@example.com', '123456789');
INSERT INTO jugadores (dni, nombre, apellido, pie, altura, cod_agenda) VALUES ('123456718', 'Jugador18', '18', 'Izquierdo', 180, 18);

INSERT INTO agendas (email, telefono) VALUES ('example19@example.com', '123456789');
INSERT INTO jugadores (dni, nombre, apellido, pie, altura, cod_agenda) VALUES ('123456719', 'Jugador19', '19', 'Izquierdo', 180, 19);

INSERT INTO agendas (email, telefono) VALUES ('example20@example.com', '123456789');
INSERT INTO jugadores (dni, nombre, apellido, pie, altura, cod_agenda) VALUES ('123456720', 'Jugador20', '20', 'Izquierdo', 180, 20);

INSERT INTO agendas (email, telefono) VALUES ('example21@example.com', '123456789');
INSERT INTO jugadores (dni, nombre, apellido, pie, altura, cod_agenda) VALUES ('123456721', 'Jugador21', '21', 'Izquierdo', 180, 21);

INSERT INTO agendas (email, telefono) VALUES ('example22@example.com', '123456789');
INSERT INTO jugadores (dni, nombre, apellido, pie, altura, cod_agenda) VALUES ('123456722', 'Jugador22', '22', 'Izquierdo', 180, 22);

INSERT INTO agendas (email, telefono) VALUES ('example23@example.com', '123456789');
INSERT INTO jugadores (dni, nombre, apellido, pie, altura, cod_agenda) VALUES ('123456723', 'Jugador23', '23', 'Izquierdo', 180, 23);

INSERT INTO agendas (email, telefono) VALUES ('example24@example.com', '123456789');
INSERT INTO jugadores (dni, nombre, apellido, pie, altura, cod_agenda) VALUES ('123456724', 'Jugador24', '24', 'Izquierdo', 180, 24);

INSERT INTO agendas (email, telefono) VALUES ('example25@example.com', '123456789');
INSERT INTO jugadores (dni, nombre, apellido, pie, altura, cod_agenda) VALUES ('123456725', 'Jugador25', '25', 'Izquierdo', 180, 25);

INSERT INTO agendas (email, telefono) VALUES ('example26@example.com', '123456789');
INSERT INTO jugadores (dni, nombre, apellido, pie, altura, cod_agenda) VALUES ('123456726', 'Jugador26', '26', 'Izquierdo', 180, 26);

INSERT INTO agendas (email, telefono) VALUES ('example27@example.com', '123456789');
INSERT INTO jugadores (dni, nombre, apellido, pie, altura, cod_agenda) VALUES ('123456727', 'Jugador27', '27', 'Izquierdo', 180, 27);

INSERT INTO agendas (email, telefono) VALUES ('example28@example.com', '123456789');
INSERT INTO jugadores (dni, nombre, apellido, pie, altura, cod_agenda) VALUES ('123456728', 'Jugador28', '28', 'Izquierdo', 180, 28);

INSERT INTO agendas (email, telefono) VALUES ('example29@example.com', '123456789');
INSERT INTO jugadores (dni, nombre, apellido, pie, altura, cod_agenda) VALUES ('123456729', 'Jugador29', '29', 'Izquierdo', 180, 29);

INSERT INTO agendas (email, telefono) VALUES ('example30@example.com', '123456789');
INSERT INTO jugadores (dni, nombre, apellido, pie, altura, cod_agenda) VALUES ('123456730', 'Jugador30', '30', 'Izquierdo', 180, 30);

INSERT INTO agendas (email, telefono) VALUES ('example31@example.com', '123456789');
INSERT INTO jugadores (dni, nombre, apellido, pie, altura, cod_agenda) VALUES ('123456731', 'Jugador31', '31', 'Izquierdo', 180, 31);

INSERT INTO agendas (email, telefono) VALUES ('example32@example.com', '123456789');
INSERT INTO jugadores (dni, nombre, apellido, pie, altura, cod_agenda) VALUES ('123456732', 'Jugador32', '32', 'Izquierdo', 180, 32);

INSERT INTO agendas (email, telefono) VALUES ('example33@example.com', '123456789');
INSERT INTO jugadores (dni, nombre, apellido, pie, altura, cod_agenda) VALUES ('123456733', 'Jugador33', '33', 'Izquierdo', 180, 33);

INSERT INTO agendas (email, telefono) VALUES ('example34@example.com', '123456789');
INSERT INTO jugadores (dni, nombre, apellido, pie, altura, cod_agenda) VALUES ('123456734', 'Jugador34', '34', 'Izquierdo', 180, 34);

INSERT INTO agendas (email, telefono) VALUES ('example35@example.com', '123456789');
INSERT INTO jugadores (dni, nombre, apellido, pie, altura, cod_agenda) VALUES ('123456735', 'Jugador35', '35', 'Izquierdo', 180, 35);

INSERT INTO agendas (email, telefono) VALUES ('example36@example.com', '123456789');
INSERT INTO jugadores (dni, nombre, apellido, pie, altura, cod_agenda) VALUES ('123456736', 'Jugador36', '36', 'Izquierdo', 180, 36);

INSERT INTO agendas (email, telefono) VALUES ('example37@example.com', '123456789');
INSERT INTO jugadores (dni, nombre, apellido, pie, altura, cod_agenda) VALUES ('123456737', 'Jugador37', '37', 'Izquierdo', 180, 37);

INSERT INTO agendas (email, telefono) VALUES ('example38@example.com', '123456789');
INSERT INTO jugadores (dni, nombre, apellido, pie, altura, cod_agenda) VALUES ('123456738', 'Jugador38', '38', 'Izquierdo', 180, 38);

INSERT INTO agendas (email, telefono) VALUES ('example39@example.com', '123456789');
INSERT INTO jugadores (dni, nombre, apellido, pie, altura, cod_agenda) VALUES ('123456739', 'Jugador39', '39', 'Izquierdo', 180, 39);

INSERT INTO agendas (email, telefono) VALUES ('example40@example.com', '123456789');
INSERT INTO jugadores (dni, nombre, apellido, pie, altura, cod_agenda) VALUES ('123456740', 'Jugador40', '40', 'Izquierdo', 180, 40);

INSERT INTO agendas (email, telefono) VALUES ('example41@example.com', '123456789');
INSERT INTO jugadores (dni, nombre, apellido, pie, altura, cod_agenda) VALUES ('123456741', 'Jugador41', '41', 'Izquierdo', 180, 41);

INSERT INTO agendas (email, telefono) VALUES ('example42@example.com', '123456789');
INSERT INTO jugadores (dni, nombre, apellido, pie, altura, cod_agenda) VALUES ('123456742', 'Jugador42', '42', 'Izquierdo', 180, 42);

INSERT INTO agendas (email, telefono) VALUES ('example43@example.com', '123456789');
INSERT INTO jugadores (dni, nombre, apellido, pie, altura, cod_agenda) VALUES ('123456743', 'Jugador43', '43', 'Izquierdo', 180, 43);

INSERT INTO agendas (email, telefono) VALUES ('example44@example.com', '123456789');
INSERT INTO jugadores (dni, nombre, apellido, pie, altura, cod_agenda) VALUES ('123456744', 'Jugador44', '44', 'Izquierdo', 180, 44);

INSERT INTO agendas (email, telefono) VALUES ('example45@example.com', '123456789');
INSERT INTO jugadores (dni, nombre, apellido, pie, altura, cod_agenda) VALUES ('123456745', 'Jugador45', '45', 'Izquierdo', 180, 45);

INSERT INTO agendas (email, telefono) VALUES ('example46@example.com', '123456789');
INSERT INTO jugadores (dni, nombre, apellido, pie, altura, cod_agenda) VALUES ('123456746', 'Jugador46', '46', 'Izquierdo', 180, 46);

INSERT INTO agendas (email, telefono) VALUES ('example47@example.com', '123456789');
INSERT INTO jugadores (dni, nombre, apellido, pie, altura, cod_agenda) VALUES ('123456747', 'Jugador47', '47', 'Izquierdo', 180, 47);

INSERT INTO agendas (email, telefono) VALUES ('example48@example.com', '123456789');
INSERT INTO jugadores (dni, nombre, apellido, pie, altura, cod_agenda) VALUES ('123456748', 'Jugador48', '48', 'Izquierdo', 180, 48);

INSERT INTO agendas (email, telefono) VALUES ('example49@example.com', '123456789');
INSERT INTO jugadores (dni, nombre, apellido, pie, altura, cod_agenda) VALUES ('123456749', 'Jugador49', '49', 'Izquierdo', 180, 49);

INSERT INTO agendas (email, telefono) VALUES ('example50@example.com', '123456789');
INSERT INTO jugadores (dni, nombre, apellido, pie, altura, cod_agenda) VALUES ('123456750', 'Jugador50', '50', 'Izquierdo', 180, 50);

INSERT INTO agendas (email, telefono) VALUES ('example51@example.com', '123456789');
INSERT INTO jugadores (dni, nombre, apellido, pie, altura, cod_agenda) VALUES ('123456751', 'Jugador51', '51', 'Izquierdo', 180, 51);

INSERT INTO agendas (email, telefono) VALUES ('example52@example.com', '123456789');
INSERT INTO jugadores (dni, nombre, apellido, pie, altura, cod_agenda) VALUES ('123456752', 'Jugador52', '52', 'Izquierdo', 180, 52);

INSERT INTO agendas (email, telefono) VALUES ('example53@example.com', '123456789');
INSERT INTO jugadores (dni, nombre, apellido, pie, altura, cod_agenda) VALUES ('123456753', 'Jugador53', '53', 'Izquierdo', 180, 53);

INSERT INTO agendas (email, telefono) VALUES ('example54@example.com', '123456789');
INSERT INTO jugadores (dni, nombre, apellido, pie, altura, cod_agenda) VALUES ('123456754', 'Jugador54', '54', 'Izquierdo', 180, 54);

INSERT INTO agendas (email, telefono) VALUES ('example55@example.com', '123456789');
INSERT INTO jugadores (dni, nombre, apellido, pie, altura, cod_agenda) VALUES ('123456755', 'Jugador55', '55', 'Izquierdo', 180, 55);

INSERT INTO agendas (email, telefono) VALUES ('example56@example.com', '123456789');
INSERT INTO jugadores (dni, nombre, apellido, pie, altura, cod_agenda) VALUES ('123456756', 'Jugador56', '56', 'Izquierdo', 180, 56);

INSERT INTO agendas (email, telefono) VALUES ('example57@example.com', '123456789');
INSERT INTO jugadores (dni, nombre, apellido, pie, altura, cod_agenda) VALUES ('123456757', 'Jugador57', '57', 'Izquierdo', 180, 57);

INSERT INTO agendas (email, telefono) VALUES ('example58@example.com', '123456789');
INSERT INTO jugadores (dni, nombre, apellido, pie, altura, cod_agenda) VALUES ('123456758', 'Jugador58', '58', 'Izquierdo', 180, 58);

INSERT INTO agendas (email, telefono) VALUES ('example59@example.com', '123456789');
INSERT INTO jugadores (dni, nombre, apellido, pie, altura, cod_agenda) VALUES ('123456759', 'Jugador59', '59', 'Izquierdo', 180, 59);

INSERT INTO agendas (email, telefono) VALUES ('example60@example.com', '123456789');
INSERT INTO jugadores (dni, nombre, apellido, pie, altura, cod_agenda) VALUES ('123456760', 'Jugador60', '60', 'Izquierdo', 180, 60);

INSERT INTO agendas (email, telefono) VALUES ('example61@example.com', '123456789');
INSERT INTO jugadores (dni, nombre, apellido, pie, altura, cod_agenda) VALUES ('123456761', 'Jugador61', '61', 'Izquierdo', 180, 61);

INSERT INTO agendas (email, telefono) VALUES ('example62@example.com', '123456789');
INSERT INTO jugadores (dni, nombre, apellido, pie, altura, cod_agenda) VALUES ('123456762', 'Jugador62', '62', 'Izquierdo', 180, 62);

INSERT INTO agendas (email, telefono) VALUES ('example63@example.com', '123456789');
INSERT INTO jugadores (dni, nombre, apellido, pie, altura, cod_agenda) VALUES ('123456763', 'Jugador63', '63', 'Izquierdo', 180, 63);

INSERT INTO agendas (email, telefono) VALUES ('example64@example.com', '123456789');
INSERT INTO jugadores (dni, nombre, apellido, pie, altura, cod_agenda) VALUES ('123456764', 'Jugador64', '64', 'Izquierdo', 180, 64);

INSERT INTO agendas (email, telefono) VALUES ('example65@example.com', '123456789');
INSERT INTO jugadores (dni, nombre, apellido, pie, altura, cod_agenda) VALUES ('123456765', 'Jugador65', '65', 'Izquierdo', 180, 65);

INSERT INTO agendas (email, telefono) VALUES ('example66@example.com', '123456789');
INSERT INTO jugadores (dni, nombre, apellido, pie, altura, cod_agenda) VALUES ('123456766', 'Jugador66', '66', 'Izquierdo', 180, 66);

INSERT INTO agendas (email, telefono) VALUES ('example67@example.com', '123456789');
INSERT INTO jugadores (dni, nombre, apellido, pie, altura, cod_agenda) VALUES ('123456767', 'Jugador67', '67', 'Izquierdo', 180, 67);

INSERT INTO agendas (email, telefono) VALUES ('example68@example.com', '123456789');
INSERT INTO jugadores (dni, nombre, apellido, pie, altura, cod_agenda) VALUES ('123456768', 'Jugador68', '68', 'Izquierdo', 180, 68);

INSERT INTO agendas (email, telefono) VALUES ('example69@example.com', '123456789');
INSERT INTO jugadores (dni, nombre, apellido, pie, altura, cod_agenda) VALUES ('123456769', 'Jugador69', '69', 'Izquierdo', 180, 69);

INSERT INTO agendas (email, telefono) VALUES ('example70@example.com', '123456789');
INSERT INTO jugadores (dni, nombre, apellido, pie, altura, cod_agenda) VALUES ('123456770', 'Jugador70', '70', 'Izquierdo', 180, 70);

INSERT INTO agendas (email, telefono) VALUES ('example71@example.com', '123456789');
INSERT INTO jugadores (dni, nombre, apellido, pie, altura, cod_agenda) VALUES ('123456771', 'Jugador71', '71', 'Izquierdo', 180, 71);

INSERT INTO agendas (email, telefono) VALUES ('example72@example.com', '123456789');
INSERT INTO jugadores (dni, nombre, apellido, pie, altura, cod_agenda) VALUES ('123456772', 'Jugador72', '72', 'Izquierdo', 180, 72);

INSERT INTO agendas (email, telefono) VALUES ('example73@example.com', '123456789');
INSERT INTO jugadores (dni, nombre, apellido, pie, altura, cod_agenda) VALUES ('123456773', 'Jugador73', '73', 'Izquierdo', 180, 73);

INSERT INTO agendas (email, telefono) VALUES ('example74@example.com', '123456789');
INSERT INTO jugadores (dni, nombre, apellido, pie, altura, cod_agenda) VALUES ('123456774', 'Jugador74', '74', 'Izquierdo', 180, 74);

INSERT INTO agendas (email, telefono) VALUES ('example75@example.com', '123456789');
INSERT INTO jugadores (dni, nombre, apellido, pie, altura, cod_agenda) VALUES ('123456775', 'Jugador75', '75', 'Izquierdo', 180, 75);

INSERT INTO agendas (email, telefono) VALUES ('example76@example.com', '123456789');
INSERT INTO jugadores (dni, nombre, apellido, pie, altura, cod_agenda) VALUES ('123456776', 'Jugador76', '76', 'Izquierdo', 180, 76);

INSERT INTO agendas (email, telefono) VALUES ('example77@example.com', '123456789');
INSERT INTO jugadores (dni, nombre, apellido, pie, altura, cod_agenda) VALUES ('123456777', 'Jugador77', '77', 'Izquierdo', 180, 77);

INSERT INTO agendas (email, telefono) VALUES ('example78@example.com', '123456789');
INSERT INTO jugadores (dni, nombre, apellido, pie, altura, cod_agenda) VALUES ('123456778', 'Jugador78', '78', 'Izquierdo', 180, 78);

INSERT INTO agendas (email, telefono) VALUES ('example79@example.com', '123456789');
INSERT INTO jugadores (dni, nombre, apellido, pie, altura, cod_agenda) VALUES ('123456779', 'Jugador79', '79', 'Izquierdo', 180, 79);

INSERT INTO agendas (email, telefono) VALUES ('example80@example.com', '123456789');
INSERT INTO jugadores (dni, nombre, apellido, pie, altura, cod_agenda) VALUES ('123456780', 'Jugador80', '80', 'Izquierdo', 180, 80);

INSERT INTO agendas (email, telefono) VALUES ('example81@example.com', '123456789');
INSERT INTO jugadores (dni, nombre, apellido, pie, altura, cod_agenda) VALUES ('123456781', 'Jugador81', '81', 'Izquierdo', 180, 81);

INSERT INTO agendas (email, telefono) VALUES ('example82@example.com', '123456789');
INSERT INTO jugadores (dni, nombre, apellido, pie, altura, cod_agenda) VALUES ('123456782', 'Jugador82', '82', 'Izquierdo', 180, 82);

INSERT INTO agendas (email, telefono) VALUES ('example83@example.com', '123456789');
INSERT INTO jugadores (dni, nombre, apellido, pie, altura, cod_agenda) VALUES ('123456783', 'Jugador83', '83', 'Izquierdo', 180, 83);

INSERT INTO agendas (email, telefono) VALUES ('example84@example.com', '123456789');
INSERT INTO jugadores (dni, nombre, apellido, pie, altura, cod_agenda) VALUES ('123456784', 'Jugador84', '84', 'Izquierdo', 180, 84);

INSERT INTO agendas (email, telefono) VALUES ('example85@example.com', '123456789');
INSERT INTO jugadores (dni, nombre, apellido, pie, altura, cod_agenda) VALUES ('123456785', 'Jugador85', '85', 'Izquierdo', 180, 85);

INSERT INTO agendas (email, telefono) VALUES ('example86@example.com', '123456789');
INSERT INTO jugadores (dni, nombre, apellido, pie, altura, cod_agenda) VALUES ('123456786', 'Jugador86', '86', 'Izquierdo', 180, 86);

INSERT INTO agendas (email, telefono) VALUES ('example87@example.com', '123456789');
INSERT INTO jugadores (dni, nombre, apellido, pie, altura, cod_agenda) VALUES ('123456787', 'Jugador87', '87', 'Izquierdo', 180, 87);

INSERT INTO agendas (email, telefono) VALUES ('example88@example.com', '123456789');
INSERT INTO jugadores (dni, nombre, apellido, pie, altura, cod_agenda) VALUES ('123456788', 'Jugador88', '88', 'Izquierdo', 180, 88);

INSERT INTO agendas (email, telefono) VALUES ('example89@example.com', '123456789');
INSERT INTO jugadores (dni, nombre, apellido, pie, altura, cod_agenda) VALUES ('123456789', 'Jugador89', '89', 'Izquierdo', 180, 89);

INSERT INTO agendas (email, telefono) VALUES ('example90@example.com', '123456789');
INSERT INTO jugadores (dni, nombre, apellido, pie, altura, cod_agenda) VALUES ('123456790', 'Jugador90', '90', 'Izquierdo', 180, 90);

INSERT INTO agendas (email, telefono) VALUES ('example91@example.com', '123456789');
INSERT INTO jugadores (dni, nombre, apellido, pie, altura, cod_agenda) VALUES ('123456791', 'Jugador91', '91', 'Izquierdo', 180, 91);

INSERT INTO agendas (email, telefono) VALUES ('example92@example.com', '123456789');
INSERT INTO jugadores (dni, nombre, apellido, pie, altura, cod_agenda) VALUES ('123456792', 'Jugador92', '92', 'Izquierdo', 180, 92);

INSERT INTO agendas (email, telefono) VALUES ('example93@example.com', '123456789');
INSERT INTO jugadores (dni, nombre, apellido, pie, altura, cod_agenda) VALUES ('123456793', 'Jugador93', '93', 'Izquierdo', 180, 93);

INSERT INTO agendas (email, telefono) VALUES ('example94@example.com', '123456789');
INSERT INTO jugadores (dni, nombre, apellido, pie, altura, cod_agenda) VALUES ('123456794', 'Jugador94', '94', 'Izquierdo', 180, 94);

INSERT INTO agendas (email, telefono) VALUES ('example95@example.com', '123456789');
INSERT INTO jugadores (dni, nombre, apellido, pie, altura, cod_agenda) VALUES ('123456795', 'Jugador95', '95', 'Izquierdo', 180, 95);

INSERT INTO registros_jugadores (cod_temporada, cod_jugador) VALUES (0, 0);
INSERT INTO draft (cod_temporada, cod_jugador, posicion) VALUES (0, 0, 1);
INSERT INTO registros_jugadores (cod_temporada, cod_jugador) VALUES (0, 1);
INSERT INTO draft (cod_temporada, cod_jugador, posicion) VALUES (0, 1, 2);
INSERT INTO registros_jugadores (cod_temporada, cod_jugador) VALUES (0, 2);
INSERT INTO draft (cod_temporada, cod_jugador, posicion) VALUES (0, 2, 3);
INSERT INTO registros_jugadores (cod_temporada, cod_jugador) VALUES (0, 3);
INSERT INTO draft (cod_temporada, cod_jugador, posicion) VALUES (0, 3, 4);
INSERT INTO registros_jugadores (cod_temporada, cod_jugador) VALUES (0, 4);
INSERT INTO draft (cod_temporada, cod_jugador, posicion) VALUES (0, 4, 5);
INSERT INTO registros_jugadores (cod_temporada, cod_jugador) VALUES (0, 5);
INSERT INTO draft (cod_temporada, cod_jugador, posicion) VALUES (0, 5, 6);
INSERT INTO registros_jugadores (cod_temporada, cod_jugador) VALUES (0, 6);
INSERT INTO draft (cod_temporada, cod_jugador, posicion) VALUES (0, 6, 7);
INSERT INTO registros_jugadores (cod_temporada, cod_jugador) VALUES (0, 7);
INSERT INTO draft (cod_temporada, cod_jugador, posicion) VALUES (0, 7, 8);
INSERT INTO registros_jugadores (cod_temporada, cod_jugador) VALUES (0, 8);
INSERT INTO draft (cod_temporada, cod_jugador, posicion) VALUES (0, 8, 9);
INSERT INTO registros_jugadores (cod_temporada, cod_jugador) VALUES (0, 9);
INSERT INTO draft (cod_temporada, cod_jugador, posicion) VALUES (0, 9, 10);
INSERT INTO registros_jugadores (cod_temporada, cod_jugador) VALUES (0, 10);
INSERT INTO draft (cod_temporada, cod_jugador, posicion) VALUES (0, 10, 11);
INSERT INTO registros_jugadores (cod_temporada, cod_jugador) VALUES (0, 11);
INSERT INTO draft (cod_temporada, cod_jugador, posicion) VALUES (0, 11, 12);
INSERT INTO registros_jugadores (cod_temporada, cod_jugador) VALUES (0, 12);
INSERT INTO draft (cod_temporada, cod_jugador, posicion) VALUES (0, 12, 13);
INSERT INTO registros_jugadores (cod_temporada, cod_jugador) VALUES (0, 13);
INSERT INTO draft (cod_temporada, cod_jugador, posicion) VALUES (0, 13, 14);
INSERT INTO registros_jugadores (cod_temporada, cod_jugador) VALUES (0, 14);
INSERT INTO draft (cod_temporada, cod_jugador, posicion) VALUES (0, 14, 15);
INSERT INTO registros_jugadores (cod_temporada, cod_jugador) VALUES (0, 15);
INSERT INTO draft (cod_temporada, cod_jugador, posicion) VALUES (0, 15, 16);
INSERT INTO registros_jugadores (cod_temporada, cod_jugador) VALUES (0, 16);
INSERT INTO draft (cod_temporada, cod_jugador, posicion) VALUES (0, 16, 17);
INSERT INTO registros_jugadores (cod_temporada, cod_jugador) VALUES (0, 17);
INSERT INTO draft (cod_temporada, cod_jugador, posicion) VALUES (0, 17, 18);
INSERT INTO registros_jugadores (cod_temporada, cod_jugador) VALUES (0, 18);
INSERT INTO draft (cod_temporada, cod_jugador, posicion) VALUES (0, 18, 19);
INSERT INTO registros_jugadores (cod_temporada, cod_jugador) VALUES (0, 19);
INSERT INTO draft (cod_temporada, cod_jugador, posicion) VALUES (0, 19, 20);
INSERT INTO registros_jugadores (cod_temporada, cod_jugador) VALUES (0, 20);
INSERT INTO draft (cod_temporada, cod_jugador, posicion) VALUES (0, 20, 21);
INSERT INTO registros_jugadores (cod_temporada, cod_jugador) VALUES (0, 21);
INSERT INTO draft (cod_temporada, cod_jugador, posicion) VALUES (0, 21, 22);
INSERT INTO registros_jugadores (cod_temporada, cod_jugador) VALUES (0, 22);
INSERT INTO draft (cod_temporada, cod_jugador, posicion) VALUES (0, 22, 23);
INSERT INTO registros_jugadores (cod_temporada, cod_jugador) VALUES (0, 23);
INSERT INTO draft (cod_temporada, cod_jugador, posicion) VALUES (0, 23, 24);
INSERT INTO registros_jugadores (cod_temporada, cod_jugador) VALUES (0, 24);
INSERT INTO draft (cod_temporada, cod_jugador, posicion) VALUES (0, 24, 25);
INSERT INTO registros_jugadores (cod_temporada, cod_jugador) VALUES (0, 25);
INSERT INTO draft (cod_temporada, cod_jugador, posicion) VALUES (0, 25, 26);
INSERT INTO registros_jugadores (cod_temporada, cod_jugador) VALUES (0, 26);
INSERT INTO draft (cod_temporada, cod_jugador, posicion) VALUES (0, 26, 27);
INSERT INTO registros_jugadores (cod_temporada, cod_jugador) VALUES (0, 27);
INSERT INTO draft (cod_temporada, cod_jugador, posicion) VALUES (0, 27, 28);
INSERT INTO registros_jugadores (cod_temporada, cod_jugador) VALUES (0, 28);
INSERT INTO draft (cod_temporada, cod_jugador, posicion) VALUES (0, 28, 29);
INSERT INTO registros_jugadores (cod_temporada, cod_jugador) VALUES (0, 29);
INSERT INTO draft (cod_temporada, cod_jugador, posicion) VALUES (0, 29, 30);
INSERT INTO registros_jugadores (cod_temporada, cod_jugador) VALUES (0, 30);
INSERT INTO draft (cod_temporada, cod_jugador, posicion) VALUES (0, 30, 31);
INSERT INTO registros_jugadores (cod_temporada, cod_jugador) VALUES (0, 31);
INSERT INTO draft (cod_temporada, cod_jugador, posicion) VALUES (0, 31, 32);
INSERT INTO registros_jugadores (cod_temporada, cod_jugador) VALUES (0, 32);
INSERT INTO draft (cod_temporada, cod_jugador, posicion) VALUES (0, 32, 33);
INSERT INTO registros_jugadores (cod_temporada, cod_jugador) VALUES (0, 33);
INSERT INTO draft (cod_temporada, cod_jugador, posicion) VALUES (0, 33, 34);
INSERT INTO registros_jugadores (cod_temporada, cod_jugador) VALUES (0, 34);
INSERT INTO draft (cod_temporada, cod_jugador, posicion) VALUES (0, 34, 35);
INSERT INTO registros_jugadores (cod_temporada, cod_jugador) VALUES (0, 35);
INSERT INTO draft (cod_temporada, cod_jugador, posicion) VALUES (0, 35, 36);
INSERT INTO registros_jugadores (cod_temporada, cod_jugador) VALUES (0, 36);
INSERT INTO draft (cod_temporada, cod_jugador, posicion) VALUES (0, 36, 37);
INSERT INTO registros_jugadores (cod_temporada, cod_jugador) VALUES (0, 37);
INSERT INTO draft (cod_temporada, cod_jugador, posicion) VALUES (0, 37, 38);
INSERT INTO registros_jugadores (cod_temporada, cod_jugador) VALUES (0, 38);
INSERT INTO draft (cod_temporada, cod_jugador, posicion) VALUES (0, 38, 39);
INSERT INTO registros_jugadores (cod_temporada, cod_jugador) VALUES (0, 39);
INSERT INTO draft (cod_temporada, cod_jugador, posicion) VALUES (0, 39, 40);
INSERT INTO registros_jugadores (cod_temporada, cod_jugador) VALUES (0, 40);
INSERT INTO draft (cod_temporada, cod_jugador, posicion) VALUES (0, 40, 41);
INSERT INTO registros_jugadores (cod_temporada, cod_jugador) VALUES (0, 41);
INSERT INTO draft (cod_temporada, cod_jugador, posicion) VALUES (0, 41, 42);
INSERT INTO registros_jugadores (cod_temporada, cod_jugador) VALUES (0, 42);
INSERT INTO draft (cod_temporada, cod_jugador, posicion) VALUES (0, 42, 43);
INSERT INTO registros_jugadores (cod_temporada, cod_jugador) VALUES (0, 43);
INSERT INTO draft (cod_temporada, cod_jugador, posicion) VALUES (0, 43, 44);
INSERT INTO registros_jugadores (cod_temporada, cod_jugador) VALUES (0, 44);
INSERT INTO draft (cod_temporada, cod_jugador, posicion) VALUES (0, 44, 45);
INSERT INTO registros_jugadores (cod_temporada, cod_jugador) VALUES (0, 45);
INSERT INTO draft (cod_temporada, cod_jugador, posicion) VALUES (0, 45, 46);
INSERT INTO registros_jugadores (cod_temporada, cod_jugador) VALUES (0, 46);
INSERT INTO draft (cod_temporada, cod_jugador, posicion) VALUES (0, 46, 47);
INSERT INTO registros_jugadores (cod_temporada, cod_jugador) VALUES (0, 47);
INSERT INTO draft (cod_temporada, cod_jugador, posicion) VALUES (0, 47, 48);
INSERT INTO registros_jugadores (cod_temporada, cod_jugador) VALUES (0, 48);
INSERT INTO draft (cod_temporada, cod_jugador, posicion) VALUES (0, 48, 49);
INSERT INTO registros_jugadores (cod_temporada, cod_jugador) VALUES (0, 49);
INSERT INTO draft (cod_temporada, cod_jugador, posicion) VALUES (0, 49, 50);
INSERT INTO registros_jugadores (cod_temporada, cod_jugador) VALUES (0, 50);
INSERT INTO draft (cod_temporada, cod_jugador, posicion) VALUES (0, 50, 51);
INSERT INTO registros_jugadores (cod_temporada, cod_jugador) VALUES (0, 51);
INSERT INTO draft (cod_temporada, cod_jugador, posicion) VALUES (0, 51, 52);
INSERT INTO registros_jugadores (cod_temporada, cod_jugador) VALUES (0, 52);
INSERT INTO draft (cod_temporada, cod_jugador, posicion) VALUES (0, 52, 53);
INSERT INTO registros_jugadores (cod_temporada, cod_jugador) VALUES (0, 53);
INSERT INTO draft (cod_temporada, cod_jugador, posicion) VALUES (0, 53, 54);
INSERT INTO registros_jugadores (cod_temporada, cod_jugador) VALUES (0, 54);
INSERT INTO draft (cod_temporada, cod_jugador, posicion) VALUES (0, 54, 55);
INSERT INTO registros_jugadores (cod_temporada, cod_jugador) VALUES (0, 55);
INSERT INTO draft (cod_temporada, cod_jugador, posicion) VALUES (0, 55, 56);
INSERT INTO registros_jugadores (cod_temporada, cod_jugador) VALUES (0, 56);
INSERT INTO draft (cod_temporada, cod_jugador, posicion) VALUES (0, 56, 57);
INSERT INTO registros_jugadores (cod_temporada, cod_jugador) VALUES (0, 57);
INSERT INTO draft (cod_temporada, cod_jugador, posicion) VALUES (0, 57, 58);
INSERT INTO registros_jugadores (cod_temporada, cod_jugador) VALUES (0, 58);
INSERT INTO draft (cod_temporada, cod_jugador, posicion) VALUES (0, 58, 59);
INSERT INTO registros_jugadores (cod_temporada, cod_jugador) VALUES (0, 59);
INSERT INTO draft (cod_temporada, cod_jugador, posicion) VALUES (0, 59, 60);
INSERT INTO registros_jugadores (cod_temporada, cod_jugador) VALUES (0, 60);
INSERT INTO draft (cod_temporada, cod_jugador, posicion) VALUES (0, 60, 61);
INSERT INTO registros_jugadores (cod_temporada, cod_jugador) VALUES (0, 61);
INSERT INTO draft (cod_temporada, cod_jugador, posicion) VALUES (0, 61, 62);
INSERT INTO registros_jugadores (cod_temporada, cod_jugador) VALUES (0, 62);
INSERT INTO draft (cod_temporada, cod_jugador, posicion) VALUES (0, 62, 63);
INSERT INTO registros_jugadores (cod_temporada, cod_jugador) VALUES (0, 63);
INSERT INTO draft (cod_temporada, cod_jugador, posicion) VALUES (0, 63, 64);
INSERT INTO registros_jugadores (cod_temporada, cod_jugador) VALUES (0, 64);
INSERT INTO draft (cod_temporada, cod_jugador, posicion) VALUES (0, 64, 65);
INSERT INTO registros_jugadores (cod_temporada, cod_jugador) VALUES (0, 65);
INSERT INTO draft (cod_temporada, cod_jugador, posicion) VALUES (0, 65, 66);
INSERT INTO registros_jugadores (cod_temporada, cod_jugador) VALUES (0, 66);
INSERT INTO draft (cod_temporada, cod_jugador, posicion) VALUES (0, 66, 67);
INSERT INTO registros_jugadores (cod_temporada, cod_jugador) VALUES (0, 67);
INSERT INTO draft (cod_temporada, cod_jugador, posicion) VALUES (0, 67, 68);
INSERT INTO registros_jugadores (cod_temporada, cod_jugador) VALUES (0, 68);
INSERT INTO draft (cod_temporada, cod_jugador, posicion) VALUES (0, 68, 69);
INSERT INTO registros_jugadores (cod_temporada, cod_jugador) VALUES (0, 69);
INSERT INTO draft (cod_temporada, cod_jugador, posicion) VALUES (0, 69, 70);
INSERT INTO registros_jugadores (cod_temporada, cod_jugador) VALUES (0, 70);
INSERT INTO draft (cod_temporada, cod_jugador, posicion) VALUES (0, 70, 71);
INSERT INTO registros_jugadores (cod_temporada, cod_jugador) VALUES (0, 71);
INSERT INTO draft (cod_temporada, cod_jugador, posicion) VALUES (0, 71, 72);
INSERT INTO registros_jugadores (cod_temporada, cod_jugador) VALUES (0, 72);
INSERT INTO draft (cod_temporada, cod_jugador, posicion) VALUES (0, 72, 73);
INSERT INTO registros_jugadores (cod_temporada, cod_jugador) VALUES (0, 73);
INSERT INTO draft (cod_temporada, cod_jugador, posicion) VALUES (0, 73, 74);
INSERT INTO registros_jugadores (cod_temporada, cod_jugador) VALUES (0, 74);
INSERT INTO draft (cod_temporada, cod_jugador, posicion) VALUES (0, 74, 75);
INSERT INTO registros_jugadores (cod_temporada, cod_jugador) VALUES (0, 75);
INSERT INTO draft (cod_temporada, cod_jugador, posicion) VALUES (0, 75, 76);
INSERT INTO registros_jugadores (cod_temporada, cod_jugador) VALUES (0, 76);
INSERT INTO draft (cod_temporada, cod_jugador, posicion) VALUES (0, 76, 77);
INSERT INTO registros_jugadores (cod_temporada, cod_jugador) VALUES (0, 77);
INSERT INTO draft (cod_temporada, cod_jugador, posicion) VALUES (0, 77, 78);
INSERT INTO registros_jugadores (cod_temporada, cod_jugador) VALUES (0, 78);
INSERT INTO draft (cod_temporada, cod_jugador, posicion) VALUES (0, 78, 79);
INSERT INTO registros_jugadores (cod_temporada, cod_jugador) VALUES (0, 79);
INSERT INTO draft (cod_temporada, cod_jugador, posicion) VALUES (0, 79, 80);
INSERT INTO registros_jugadores (cod_temporada, cod_jugador) VALUES (0, 80);
INSERT INTO draft (cod_temporada, cod_jugador, posicion) VALUES (0, 80, 81);
INSERT INTO registros_jugadores (cod_temporada, cod_jugador) VALUES (0, 81);
INSERT INTO draft (cod_temporada, cod_jugador, posicion) VALUES (0, 81, 82);
INSERT INTO registros_jugadores (cod_temporada, cod_jugador) VALUES (0, 82);
INSERT INTO draft (cod_temporada, cod_jugador, posicion) VALUES (0, 82, 83);
INSERT INTO registros_jugadores (cod_temporada, cod_jugador) VALUES (0, 83);
INSERT INTO draft (cod_temporada, cod_jugador, posicion) VALUES (0, 83, 84);
INSERT INTO registros_jugadores (cod_temporada, cod_jugador) VALUES (0, 84);
INSERT INTO draft (cod_temporada, cod_jugador, posicion) VALUES (0, 84, 85);
INSERT INTO registros_jugadores (cod_temporada, cod_jugador) VALUES (0, 85);
INSERT INTO draft (cod_temporada, cod_jugador, posicion) VALUES (0, 85, 86);
INSERT INTO registros_jugadores (cod_temporada, cod_jugador) VALUES (0, 86);
INSERT INTO draft (cod_temporada, cod_jugador, posicion) VALUES (0, 86, 87);
INSERT INTO registros_jugadores (cod_temporada, cod_jugador) VALUES (0, 87);
INSERT INTO draft (cod_temporada, cod_jugador, posicion) VALUES (0, 87, 88);
INSERT INTO registros_jugadores (cod_temporada, cod_jugador) VALUES (0, 88);
INSERT INTO draft (cod_temporada, cod_jugador, posicion) VALUES (0, 88, 89);
INSERT INTO registros_jugadores (cod_temporada, cod_jugador) VALUES (0, 89);
INSERT INTO draft (cod_temporada, cod_jugador, posicion) VALUES (0, 89, 90);
INSERT INTO registros_jugadores (cod_temporada, cod_jugador) VALUES (0, 90);
INSERT INTO draft (cod_temporada, cod_jugador, posicion) VALUES (0, 90, 91);
INSERT INTO registros_jugadores (cod_temporada, cod_jugador) VALUES (0, 91);
INSERT INTO draft (cod_temporada, cod_jugador, posicion) VALUES (0, 91, 92);
INSERT INTO registros_jugadores (cod_temporada, cod_jugador) VALUES (0, 92);
INSERT INTO draft (cod_temporada, cod_jugador, posicion) VALUES (0, 92, 93);
INSERT INTO registros_jugadores (cod_temporada, cod_jugador) VALUES (0, 93);
INSERT INTO draft (cod_temporada, cod_jugador, posicion) VALUES (0, 93, 94);
INSERT INTO registros_jugadores (cod_temporada, cod_jugador) VALUES (0, 94);
INSERT INTO draft (cod_temporada, cod_jugador, posicion) VALUES (0, 94, 95);
INSERT INTO registros_jugadores (cod_temporada, cod_jugador) VALUES (0, 95);
INSERT INTO draft (cod_temporada, cod_jugador, posicion) VALUES (0, 95, 96);
INSERT INTO contratos_equipo_jugador (cod_equipo, cod_jugador, salario, clausula, fecha_inicio, fecha_fin) VALUES (0, 0, 10500000, 10000000, TO_DATE('01/01/2024', 'DD/MM/YYYY'), TO_DATE('31/12/2024', 'DD/MM/YYYY'));
INSERT INTO contratos_equipo_jugador (cod_equipo, cod_jugador, salario, clausula, fecha_inicio, fecha_fin) VALUES (0, 1, 10500000, 10000000, TO_DATE('01/01/2024', 'DD/MM/YYYY'), TO_DATE('31/12/2024', 'DD/MM/YYYY'));
INSERT INTO contratos_equipo_jugador (cod_equipo, cod_jugador, salario, clausula, fecha_inicio, fecha_fin) VALUES (0, 2, 10500000, 10000000, TO_DATE('01/01/2024', 'DD/MM/YYYY'), TO_DATE('31/12/2024', 'DD/MM/YYYY'));
INSERT INTO contratos_equipo_jugador (cod_equipo, cod_jugador, salario, clausula, fecha_inicio, fecha_fin) VALUES (0, 3, 10500000, 10000000, TO_DATE('01/01/2024', 'DD/MM/YYYY'), TO_DATE('31/12/2024', 'DD/MM/YYYY'));
INSERT INTO contratos_equipo_jugador (cod_equipo, cod_jugador, salario, clausula, fecha_inicio, fecha_fin) VALUES (0, 4, 10500000, 10000000, TO_DATE('01/01/2024', 'DD/MM/YYYY'), TO_DATE('31/12/2024', 'DD/MM/YYYY'));
INSERT INTO contratos_equipo_jugador (cod_equipo, cod_jugador, salario, clausula, fecha_inicio, fecha_fin) VALUES (0, 5, 10500000, 10000000, TO_DATE('01/01/2024', 'DD/MM/YYYY'), TO_DATE('31/12/2024', 'DD/MM/YYYY'));
INSERT INTO contratos_equipo_jugador (cod_equipo, cod_jugador, salario, clausula, fecha_inicio, fecha_fin) VALUES (0, 6, 10500000, 10000000, TO_DATE('01/01/2024', 'DD/MM/YYYY'), TO_DATE('31/12/2024', 'DD/MM/YYYY'));
INSERT INTO contratos_equipo_jugador (cod_equipo, cod_jugador, salario, clausula, fecha_inicio, fecha_fin) VALUES (0, 7, 10500000, 10000000, TO_DATE('01/01/2024', 'DD/MM/YYYY'), TO_DATE('31/12/2024', 'DD/MM/YYYY'));
INSERT INTO contratos_equipo_jugador (cod_equipo, cod_jugador, salario, clausula, fecha_inicio, fecha_fin) VALUES (1, 8, 10500000, 10000000, TO_DATE('01/01/2024', 'DD/MM/YYYY'), TO_DATE('31/12/2024', 'DD/MM/YYYY'));
INSERT INTO contratos_equipo_jugador (cod_equipo, cod_jugador, salario, clausula, fecha_inicio, fecha_fin) VALUES (1, 9, 10500000, 10000000, TO_DATE('01/01/2024', 'DD/MM/YYYY'), TO_DATE('31/12/2024', 'DD/MM/YYYY'));
INSERT INTO contratos_equipo_jugador (cod_equipo, cod_jugador, salario, clausula, fecha_inicio, fecha_fin) VALUES (1, 10, 10500000, 10000000, TO_DATE('01/01/2024', 'DD/MM/YYYY'), TO_DATE('31/12/2024', 'DD/MM/YYYY'));
INSERT INTO contratos_equipo_jugador (cod_equipo, cod_jugador, salario, clausula, fecha_inicio, fecha_fin) VALUES (1, 11, 10500000, 10000000, TO_DATE('01/01/2024', 'DD/MM/YYYY'), TO_DATE('31/12/2024', 'DD/MM/YYYY'));
INSERT INTO contratos_equipo_jugador (cod_equipo, cod_jugador, salario, clausula, fecha_inicio, fecha_fin) VALUES (1, 12, 10500000, 10000000, TO_DATE('01/01/2024', 'DD/MM/YYYY'), TO_DATE('31/12/2024', 'DD/MM/YYYY'));
INSERT INTO contratos_equipo_jugador (cod_equipo, cod_jugador, salario, clausula, fecha_inicio, fecha_fin) VALUES (1, 13, 10500000, 10000000, TO_DATE('01/01/2024', 'DD/MM/YYYY'), TO_DATE('31/12/2024', 'DD/MM/YYYY'));
INSERT INTO contratos_equipo_jugador (cod_equipo, cod_jugador, salario, clausula, fecha_inicio, fecha_fin) VALUES (1, 14, 10500000, 10000000, TO_DATE('01/01/2024', 'DD/MM/YYYY'), TO_DATE('31/12/2024', 'DD/MM/YYYY'));
INSERT INTO contratos_equipo_jugador (cod_equipo, cod_jugador, salario, clausula, fecha_inicio, fecha_fin) VALUES (1, 15, 10500000, 10000000, TO_DATE('01/01/2024', 'DD/MM/YYYY'), TO_DATE('31/12/2024', 'DD/MM/YYYY'));
INSERT INTO contratos_equipo_jugador (cod_equipo, cod_jugador, salario, clausula, fecha_inicio, fecha_fin) VALUES (2, 16, 10500000, 10000000, TO_DATE('01/01/2024', 'DD/MM/YYYY'), TO_DATE('31/12/2024', 'DD/MM/YYYY'));
INSERT INTO contratos_equipo_jugador (cod_equipo, cod_jugador, salario, clausula, fecha_inicio, fecha_fin) VALUES (2, 17, 10500000, 10000000, TO_DATE('01/01/2024', 'DD/MM/YYYY'), TO_DATE('31/12/2024', 'DD/MM/YYYY'));
INSERT INTO contratos_equipo_jugador (cod_equipo, cod_jugador, salario, clausula, fecha_inicio, fecha_fin) VALUES (2, 18, 10500000, 10000000, TO_DATE('01/01/2024', 'DD/MM/YYYY'), TO_DATE('31/12/2024', 'DD/MM/YYYY'));
INSERT INTO contratos_equipo_jugador (cod_equipo, cod_jugador, salario, clausula, fecha_inicio, fecha_fin) VALUES (2, 19, 10500000, 10000000, TO_DATE('01/01/2024', 'DD/MM/YYYY'), TO_DATE('31/12/2024', 'DD/MM/YYYY'));
INSERT INTO contratos_equipo_jugador (cod_equipo, cod_jugador, salario, clausula, fecha_inicio, fecha_fin) VALUES (2, 20, 10500000, 10000000, TO_DATE('01/01/2024', 'DD/MM/YYYY'), TO_DATE('31/12/2024', 'DD/MM/YYYY'));
INSERT INTO contratos_equipo_jugador (cod_equipo, cod_jugador, salario, clausula, fecha_inicio, fecha_fin) VALUES (2, 21, 10500000, 10000000, TO_DATE('01/01/2024', 'DD/MM/YYYY'), TO_DATE('31/12/2024', 'DD/MM/YYYY'));
INSERT INTO contratos_equipo_jugador (cod_equipo, cod_jugador, salario, clausula, fecha_inicio, fecha_fin) VALUES (2, 22, 10500000, 10000000, TO_DATE('01/01/2024', 'DD/MM/YYYY'), TO_DATE('31/12/2024', 'DD/MM/YYYY'));
INSERT INTO contratos_equipo_jugador (cod_equipo, cod_jugador, salario, clausula, fecha_inicio, fecha_fin) VALUES (2, 23, 10500000, 10000000, TO_DATE('01/01/2024', 'DD/MM/YYYY'), TO_DATE('31/12/2024', 'DD/MM/YYYY'));
INSERT INTO contratos_equipo_jugador (cod_equipo, cod_jugador, salario, clausula, fecha_inicio, fecha_fin) VALUES (3, 24, 10500000, 10000000, TO_DATE('01/01/2024', 'DD/MM/YYYY'), TO_DATE('31/12/2024', 'DD/MM/YYYY'));
INSERT INTO contratos_equipo_jugador (cod_equipo, cod_jugador, salario, clausula, fecha_inicio, fecha_fin) VALUES (3, 25, 10500000, 10000000, TO_DATE('01/01/2024', 'DD/MM/YYYY'), TO_DATE('31/12/2024', 'DD/MM/YYYY'));
INSERT INTO contratos_equipo_jugador (cod_equipo, cod_jugador, salario, clausula, fecha_inicio, fecha_fin) VALUES (3, 26, 10500000, 10000000, TO_DATE('01/01/2024', 'DD/MM/YYYY'), TO_DATE('31/12/2024', 'DD/MM/YYYY'));
INSERT INTO contratos_equipo_jugador (cod_equipo, cod_jugador, salario, clausula, fecha_inicio, fecha_fin) VALUES (3, 27, 10500000, 10000000, TO_DATE('01/01/2024', 'DD/MM/YYYY'), TO_DATE('31/12/2024', 'DD/MM/YYYY'));
INSERT INTO contratos_equipo_jugador (cod_equipo, cod_jugador, salario, clausula, fecha_inicio, fecha_fin) VALUES (3, 28, 10500000, 10000000, TO_DATE('01/01/2024', 'DD/MM/YYYY'), TO_DATE('31/12/2024', 'DD/MM/YYYY'));
INSERT INTO contratos_equipo_jugador (cod_equipo, cod_jugador, salario, clausula, fecha_inicio, fecha_fin) VALUES (3, 29, 10500000, 10000000, TO_DATE('01/01/2024', 'DD/MM/YYYY'), TO_DATE('31/12/2024', 'DD/MM/YYYY'));
INSERT INTO contratos_equipo_jugador (cod_equipo, cod_jugador, salario, clausula, fecha_inicio, fecha_fin) VALUES (3, 30, 10500000, 10000000, TO_DATE('01/01/2024', 'DD/MM/YYYY'), TO_DATE('31/12/2024', 'DD/MM/YYYY'));
INSERT INTO contratos_equipo_jugador (cod_equipo, cod_jugador, salario, clausula, fecha_inicio, fecha_fin) VALUES (3, 31, 10500000, 10000000, TO_DATE('01/01/2024', 'DD/MM/YYYY'), TO_DATE('31/12/2024', 'DD/MM/YYYY'));
INSERT INTO contratos_equipo_jugador (cod_equipo, cod_jugador, salario, clausula, fecha_inicio, fecha_fin) VALUES (4, 32, 10500000, 10000000, TO_DATE('01/01/2024', 'DD/MM/YYYY'), TO_DATE('31/12/2024', 'DD/MM/YYYY'));
INSERT INTO contratos_equipo_jugador (cod_equipo, cod_jugador, salario, clausula, fecha_inicio, fecha_fin) VALUES (4, 33, 10500000, 10000000, TO_DATE('01/01/2024', 'DD/MM/YYYY'), TO_DATE('31/12/2024', 'DD/MM/YYYY'));
INSERT INTO contratos_equipo_jugador (cod_equipo, cod_jugador, salario, clausula, fecha_inicio, fecha_fin) VALUES (4, 34, 10500000, 10000000, TO_DATE('01/01/2024', 'DD/MM/YYYY'), TO_DATE('31/12/2024', 'DD/MM/YYYY'));
INSERT INTO contratos_equipo_jugador (cod_equipo, cod_jugador, salario, clausula, fecha_inicio, fecha_fin) VALUES (4, 35, 10500000, 10000000, TO_DATE('01/01/2024', 'DD/MM/YYYY'), TO_DATE('31/12/2024', 'DD/MM/YYYY'));
INSERT INTO contratos_equipo_jugador (cod_equipo, cod_jugador, salario, clausula, fecha_inicio, fecha_fin) VALUES (4, 36, 10500000, 10000000, TO_DATE('01/01/2024', 'DD/MM/YYYY'), TO_DATE('31/12/2024', 'DD/MM/YYYY'));
INSERT INTO contratos_equipo_jugador (cod_equipo, cod_jugador, salario, clausula, fecha_inicio, fecha_fin) VALUES (4, 37, 10500000, 10000000, TO_DATE('01/01/2024', 'DD/MM/YYYY'), TO_DATE('31/12/2024', 'DD/MM/YYYY'));
INSERT INTO contratos_equipo_jugador (cod_equipo, cod_jugador, salario, clausula, fecha_inicio, fecha_fin) VALUES (4, 38, 10500000, 10000000, TO_DATE('01/01/2024', 'DD/MM/YYYY'), TO_DATE('31/12/2024', 'DD/MM/YYYY'));
INSERT INTO contratos_equipo_jugador (cod_equipo, cod_jugador, salario, clausula, fecha_inicio, fecha_fin) VALUES (4, 39, 10500000, 10000000, TO_DATE('01/01/2024', 'DD/MM/YYYY'), TO_DATE('31/12/2024', 'DD/MM/YYYY'));
INSERT INTO contratos_equipo_jugador (cod_equipo, cod_jugador, salario, clausula, fecha_inicio, fecha_fin) VALUES (5, 40, 10500000, 10000000, TO_DATE('01/01/2024', 'DD/MM/YYYY'), TO_DATE('31/12/2024', 'DD/MM/YYYY'));
INSERT INTO contratos_equipo_jugador (cod_equipo, cod_jugador, salario, clausula, fecha_inicio, fecha_fin) VALUES (5, 41, 10500000, 10000000, TO_DATE('01/01/2024', 'DD/MM/YYYY'), TO_DATE('31/12/2024', 'DD/MM/YYYY'));
INSERT INTO contratos_equipo_jugador (cod_equipo, cod_jugador, salario, clausula, fecha_inicio, fecha_fin) VALUES (5, 42, 10500000, 10000000, TO_DATE('01/01/2024', 'DD/MM/YYYY'), TO_DATE('31/12/2024', 'DD/MM/YYYY'));
INSERT INTO contratos_equipo_jugador (cod_equipo, cod_jugador, salario, clausula, fecha_inicio, fecha_fin) VALUES (5, 43, 10500000, 10000000, TO_DATE('01/01/2024', 'DD/MM/YYYY'), TO_DATE('31/12/2024', 'DD/MM/YYYY'));
INSERT INTO contratos_equipo_jugador (cod_equipo, cod_jugador, salario, clausula, fecha_inicio, fecha_fin) VALUES (5, 44, 10500000, 10000000, TO_DATE('01/01/2024', 'DD/MM/YYYY'), TO_DATE('31/12/2024', 'DD/MM/YYYY'));
INSERT INTO contratos_equipo_jugador (cod_equipo, cod_jugador, salario, clausula, fecha_inicio, fecha_fin) VALUES (5, 45, 10500000, 10000000, TO_DATE('01/01/2024', 'DD/MM/YYYY'), TO_DATE('31/12/2024', 'DD/MM/YYYY'));
INSERT INTO contratos_equipo_jugador (cod_equipo, cod_jugador, salario, clausula, fecha_inicio, fecha_fin) VALUES (5, 46, 10500000, 10000000, TO_DATE('01/01/2024', 'DD/MM/YYYY'), TO_DATE('31/12/2024', 'DD/MM/YYYY'));
INSERT INTO contratos_equipo_jugador (cod_equipo, cod_jugador, salario, clausula, fecha_inicio, fecha_fin) VALUES (5, 47, 10500000, 10000000, TO_DATE('01/01/2024', 'DD/MM/YYYY'), TO_DATE('31/12/2024', 'DD/MM/YYYY'));
INSERT INTO contratos_equipo_jugador (cod_equipo, cod_jugador, salario, clausula, fecha_inicio, fecha_fin) VALUES (6, 48, 10500000, 10000000, TO_DATE('01/01/2024', 'DD/MM/YYYY'), TO_DATE('31/12/2024', 'DD/MM/YYYY'));
INSERT INTO contratos_equipo_jugador (cod_equipo, cod_jugador, salario, clausula, fecha_inicio, fecha_fin) VALUES (6, 49, 10500000, 10000000, TO_DATE('01/01/2024', 'DD/MM/YYYY'), TO_DATE('31/12/2024', 'DD/MM/YYYY'));
INSERT INTO contratos_equipo_jugador (cod_equipo, cod_jugador, salario, clausula, fecha_inicio, fecha_fin) VALUES (6, 50, 10500000, 10000000, TO_DATE('01/01/2024', 'DD/MM/YYYY'), TO_DATE('31/12/2024', 'DD/MM/YYYY'));
INSERT INTO contratos_equipo_jugador (cod_equipo, cod_jugador, salario, clausula, fecha_inicio, fecha_fin) VALUES (6, 51, 10500000, 10000000, TO_DATE('01/01/2024', 'DD/MM/YYYY'), TO_DATE('31/12/2024', 'DD/MM/YYYY'));
INSERT INTO contratos_equipo_jugador (cod_equipo, cod_jugador, salario, clausula, fecha_inicio, fecha_fin) VALUES (6, 52, 10500000, 10000000, TO_DATE('01/01/2024', 'DD/MM/YYYY'), TO_DATE('31/12/2024', 'DD/MM/YYYY'));
INSERT INTO contratos_equipo_jugador (cod_equipo, cod_jugador, salario, clausula, fecha_inicio, fecha_fin) VALUES (6, 53, 10500000, 10000000, TO_DATE('01/01/2024', 'DD/MM/YYYY'), TO_DATE('31/12/2024', 'DD/MM/YYYY'));
INSERT INTO contratos_equipo_jugador (cod_equipo, cod_jugador, salario, clausula, fecha_inicio, fecha_fin) VALUES (6, 54, 10500000, 10000000, TO_DATE('01/01/2024', 'DD/MM/YYYY'), TO_DATE('31/12/2024', 'DD/MM/YYYY'));
INSERT INTO contratos_equipo_jugador (cod_equipo, cod_jugador, salario, clausula, fecha_inicio, fecha_fin) VALUES (6, 55, 10500000, 10000000, TO_DATE('01/01/2024', 'DD/MM/YYYY'), TO_DATE('31/12/2024', 'DD/MM/YYYY'));
INSERT INTO contratos_equipo_jugador (cod_equipo, cod_jugador, salario, clausula, fecha_inicio, fecha_fin) VALUES (7, 56, 10500000, 10000000, TO_DATE('01/01/2024', 'DD/MM/YYYY'), TO_DATE('31/12/2024', 'DD/MM/YYYY'));
INSERT INTO contratos_equipo_jugador (cod_equipo, cod_jugador, salario, clausula, fecha_inicio, fecha_fin) VALUES (7, 57, 10500000, 10000000, TO_DATE('01/01/2024', 'DD/MM/YYYY'), TO_DATE('31/12/2024', 'DD/MM/YYYY'));
INSERT INTO contratos_equipo_jugador (cod_equipo, cod_jugador, salario, clausula, fecha_inicio, fecha_fin) VALUES (7, 58, 10500000, 10000000, TO_DATE('01/01/2024', 'DD/MM/YYYY'), TO_DATE('31/12/2024', 'DD/MM/YYYY'));
INSERT INTO contratos_equipo_jugador (cod_equipo, cod_jugador, salario, clausula, fecha_inicio, fecha_fin) VALUES (7, 59, 10500000, 10000000, TO_DATE('01/01/2024', 'DD/MM/YYYY'), TO_DATE('31/12/2024', 'DD/MM/YYYY'));
INSERT INTO contratos_equipo_jugador (cod_equipo, cod_jugador, salario, clausula, fecha_inicio, fecha_fin) VALUES (7, 60, 10500000, 10000000, TO_DATE('01/01/2024', 'DD/MM/YYYY'), TO_DATE('31/12/2024', 'DD/MM/YYYY'));
INSERT INTO contratos_equipo_jugador (cod_equipo, cod_jugador, salario, clausula, fecha_inicio, fecha_fin) VALUES (7, 61, 10500000, 10000000, TO_DATE('01/01/2024', 'DD/MM/YYYY'), TO_DATE('31/12/2024', 'DD/MM/YYYY'));
INSERT INTO contratos_equipo_jugador (cod_equipo, cod_jugador, salario, clausula, fecha_inicio, fecha_fin) VALUES (7, 62, 10500000, 10000000, TO_DATE('01/01/2024', 'DD/MM/YYYY'), TO_DATE('31/12/2024', 'DD/MM/YYYY'));
INSERT INTO contratos_equipo_jugador (cod_equipo, cod_jugador, salario, clausula, fecha_inicio, fecha_fin) VALUES (7, 63, 10500000, 10000000, TO_DATE('01/01/2024', 'DD/MM/YYYY'), TO_DATE('31/12/2024', 'DD/MM/YYYY'));
INSERT INTO contratos_equipo_jugador (cod_equipo, cod_jugador, salario, clausula, fecha_inicio, fecha_fin) VALUES (8, 64, 10500000, 10000000, TO_DATE('01/01/2024', 'DD/MM/YYYY'), TO_DATE('31/12/2024', 'DD/MM/YYYY'));
INSERT INTO contratos_equipo_jugador (cod_equipo, cod_jugador, salario, clausula, fecha_inicio, fecha_fin) VALUES (8, 65, 10500000, 10000000, TO_DATE('01/01/2024', 'DD/MM/YYYY'), TO_DATE('31/12/2024', 'DD/MM/YYYY'));
INSERT INTO contratos_equipo_jugador (cod_equipo, cod_jugador, salario, clausula, fecha_inicio, fecha_fin) VALUES (8, 66, 10500000, 10000000, TO_DATE('01/01/2024', 'DD/MM/YYYY'), TO_DATE('31/12/2024', 'DD/MM/YYYY'));
INSERT INTO contratos_equipo_jugador (cod_equipo, cod_jugador, salario, clausula, fecha_inicio, fecha_fin) VALUES (8, 67, 10500000, 10000000, TO_DATE('01/01/2024', 'DD/MM/YYYY'), TO_DATE('31/12/2024', 'DD/MM/YYYY'));
INSERT INTO contratos_equipo_jugador (cod_equipo, cod_jugador, salario, clausula, fecha_inicio, fecha_fin) VALUES (8, 68, 10500000, 10000000, TO_DATE('01/01/2024', 'DD/MM/YYYY'), TO_DATE('31/12/2024', 'DD/MM/YYYY'));
INSERT INTO contratos_equipo_jugador (cod_equipo, cod_jugador, salario, clausula, fecha_inicio, fecha_fin) VALUES (8, 69, 10500000, 10000000, TO_DATE('01/01/2024', 'DD/MM/YYYY'), TO_DATE('31/12/2024', 'DD/MM/YYYY'));
INSERT INTO contratos_equipo_jugador (cod_equipo, cod_jugador, salario, clausula, fecha_inicio, fecha_fin) VALUES (8, 70, 10500000, 10000000, TO_DATE('01/01/2024', 'DD/MM/YYYY'), TO_DATE('31/12/2024', 'DD/MM/YYYY'));
INSERT INTO contratos_equipo_jugador (cod_equipo, cod_jugador, salario, clausula, fecha_inicio, fecha_fin) VALUES (8, 71, 10500000, 10000000, TO_DATE('01/01/2024', 'DD/MM/YYYY'), TO_DATE('31/12/2024', 'DD/MM/YYYY'));
INSERT INTO contratos_equipo_jugador (cod_equipo, cod_jugador, salario, clausula, fecha_inicio, fecha_fin) VALUES (9, 72, 10500000, 10000000, TO_DATE('01/01/2024', 'DD/MM/YYYY'), TO_DATE('31/12/2024', 'DD/MM/YYYY'));
INSERT INTO contratos_equipo_jugador (cod_equipo, cod_jugador, salario, clausula, fecha_inicio, fecha_fin) VALUES (9, 73, 10500000, 10000000, TO_DATE('01/01/2024', 'DD/MM/YYYY'), TO_DATE('31/12/2024', 'DD/MM/YYYY'));
INSERT INTO contratos_equipo_jugador (cod_equipo, cod_jugador, salario, clausula, fecha_inicio, fecha_fin) VALUES (9, 74, 10500000, 10000000, TO_DATE('01/01/2024', 'DD/MM/YYYY'), TO_DATE('31/12/2024', 'DD/MM/YYYY'));
INSERT INTO contratos_equipo_jugador (cod_equipo, cod_jugador, salario, clausula, fecha_inicio, fecha_fin) VALUES (9, 75, 10500000, 10000000, TO_DATE('01/01/2024', 'DD/MM/YYYY'), TO_DATE('31/12/2024', 'DD/MM/YYYY'));
INSERT INTO contratos_equipo_jugador (cod_equipo, cod_jugador, salario, clausula, fecha_inicio, fecha_fin) VALUES (9, 76, 10500000, 10000000, TO_DATE('01/01/2024', 'DD/MM/YYYY'), TO_DATE('31/12/2024', 'DD/MM/YYYY'));
INSERT INTO contratos_equipo_jugador (cod_equipo, cod_jugador, salario, clausula, fecha_inicio, fecha_fin) VALUES (9, 77, 10500000, 10000000, TO_DATE('01/01/2024', 'DD/MM/YYYY'), TO_DATE('31/12/2024', 'DD/MM/YYYY'));
INSERT INTO contratos_equipo_jugador (cod_equipo, cod_jugador, salario, clausula, fecha_inicio, fecha_fin) VALUES (9, 78, 10500000, 10000000, TO_DATE('01/01/2024', 'DD/MM/YYYY'), TO_DATE('31/12/2024', 'DD/MM/YYYY'));
INSERT INTO contratos_equipo_jugador (cod_equipo, cod_jugador, salario, clausula, fecha_inicio, fecha_fin) VALUES (9, 79, 10500000, 10000000, TO_DATE('01/01/2024', 'DD/MM/YYYY'), TO_DATE('31/12/2024', 'DD/MM/YYYY'));
INSERT INTO contratos_equipo_jugador (cod_equipo, cod_jugador, salario, clausula, fecha_inicio, fecha_fin) VALUES (10, 80, 10500000, 10000000, TO_DATE('01/01/2024', 'DD/MM/YYYY'), TO_DATE('31/12/2024', 'DD/MM/YYYY'));
INSERT INTO contratos_equipo_jugador (cod_equipo, cod_jugador, salario, clausula, fecha_inicio, fecha_fin) VALUES (10, 81, 10500000, 10000000, TO_DATE('01/01/2024', 'DD/MM/YYYY'), TO_DATE('31/12/2024', 'DD/MM/YYYY'));
INSERT INTO contratos_equipo_jugador (cod_equipo, cod_jugador, salario, clausula, fecha_inicio, fecha_fin) VALUES (10, 82, 10500000, 10000000, TO_DATE('01/01/2024', 'DD/MM/YYYY'), TO_DATE('31/12/2024', 'DD/MM/YYYY'));
INSERT INTO contratos_equipo_jugador (cod_equipo, cod_jugador, salario, clausula, fecha_inicio, fecha_fin) VALUES (10, 83, 10500000, 10000000, TO_DATE('01/01/2024', 'DD/MM/YYYY'), TO_DATE('31/12/2024', 'DD/MM/YYYY'));
INSERT INTO contratos_equipo_jugador (cod_equipo, cod_jugador, salario, clausula, fecha_inicio, fecha_fin) VALUES (10, 84, 10500000, 10000000, TO_DATE('01/01/2024', 'DD/MM/YYYY'), TO_DATE('31/12/2024', 'DD/MM/YYYY'));
INSERT INTO contratos_equipo_jugador (cod_equipo, cod_jugador, salario, clausula, fecha_inicio, fecha_fin) VALUES (10, 85, 10500000, 10000000, TO_DATE('01/01/2024', 'DD/MM/YYYY'), TO_DATE('31/12/2024', 'DD/MM/YYYY'));
INSERT INTO contratos_equipo_jugador (cod_equipo, cod_jugador, salario, clausula, fecha_inicio, fecha_fin) VALUES (10, 86, 10500000, 10000000, TO_DATE('01/01/2024', 'DD/MM/YYYY'), TO_DATE('31/12/2024', 'DD/MM/YYYY'));
INSERT INTO contratos_equipo_jugador (cod_equipo, cod_jugador, salario, clausula, fecha_inicio, fecha_fin) VALUES (10, 87, 10500000, 10000000, TO_DATE('01/01/2024', 'DD/MM/YYYY'), TO_DATE('31/12/2024', 'DD/MM/YYYY'));
INSERT INTO contratos_equipo_jugador (cod_equipo, cod_jugador, salario, clausula, fecha_inicio, fecha_fin) VALUES (11, 88, 10500000, 10000000, TO_DATE('01/01/2024', 'DD/MM/YYYY'), TO_DATE('31/12/2024', 'DD/MM/YYYY'));
INSERT INTO contratos_equipo_jugador (cod_equipo, cod_jugador, salario, clausula, fecha_inicio, fecha_fin) VALUES (11, 89, 10500000, 10000000, TO_DATE('01/01/2024', 'DD/MM/YYYY'), TO_DATE('31/12/2024', 'DD/MM/YYYY'));
INSERT INTO contratos_equipo_jugador (cod_equipo, cod_jugador, salario, clausula, fecha_inicio, fecha_fin) VALUES (11, 90, 10500000, 10000000, TO_DATE('01/01/2024', 'DD/MM/YYYY'), TO_DATE('31/12/2024', 'DD/MM/YYYY'));
INSERT INTO contratos_equipo_jugador (cod_equipo, cod_jugador, salario, clausula, fecha_inicio, fecha_fin) VALUES (11, 91, 10500000, 10000000, TO_DATE('01/01/2024', 'DD/MM/YYYY'), TO_DATE('31/12/2024', 'DD/MM/YYYY'));
INSERT INTO contratos_equipo_jugador (cod_equipo, cod_jugador, salario, clausula, fecha_inicio, fecha_fin) VALUES (11, 92, 10500000, 10000000, TO_DATE('01/01/2024', 'DD/MM/YYYY'), TO_DATE('31/12/2024', 'DD/MM/YYYY'));
INSERT INTO contratos_equipo_jugador (cod_equipo, cod_jugador, salario, clausula, fecha_inicio, fecha_fin) VALUES (11, 93, 10500000, 10000000, TO_DATE('01/01/2024', 'DD/MM/YYYY'), TO_DATE('31/12/2024', 'DD/MM/YYYY'));
INSERT INTO contratos_equipo_jugador (cod_equipo, cod_jugador, salario, clausula, fecha_inicio, fecha_fin) VALUES (11, 94, 10500000, 10000000, TO_DATE('01/01/2024', 'DD/MM/YYYY'), TO_DATE('31/12/2024', 'DD/MM/YYYY'));
INSERT INTO contratos_equipo_jugador (cod_equipo, cod_jugador, salario, clausula, fecha_inicio, fecha_fin) VALUES (11, 95, 10500000, 10000000, TO_DATE('01/01/2024', 'DD/MM/YYYY'), TO_DATE('31/12/2024', 'DD/MM/YYYY'));
INSERT INTO registros_equipos (cod_temporada, cod_equipo) VALUES (0, 0);
INSERT INTO registros_equipos (cod_temporada, cod_equipo) VALUES (0, 1);
INSERT INTO registros_equipos (cod_temporada, cod_equipo) VALUES (0, 2);
INSERT INTO registros_equipos (cod_temporada, cod_equipo) VALUES (0, 3);
INSERT INTO registros_equipos (cod_temporada, cod_equipo) VALUES (0, 4);
INSERT INTO registros_equipos (cod_temporada, cod_equipo) VALUES (0, 5);
INSERT INTO registros_equipos (cod_temporada, cod_equipo) VALUES (0, 6);
INSERT INTO registros_equipos (cod_temporada, cod_equipo) VALUES (0, 7);
INSERT INTO registros_equipos (cod_temporada, cod_equipo) VALUES (0, 8);
INSERT INTO registros_equipos (cod_temporada, cod_equipo) VALUES (0, 9);
INSERT INTO registros_equipos (cod_temporada, cod_equipo) VALUES (0, 10);
INSERT INTO registros_equipos (cod_temporada, cod_equipo) VALUES (0, 11);
INSERT INTO miembros (dni, nombre, apellido, cod_agenda) VALUES ('0', 'Miembro 0', 'Apellido', 0);
INSERT INTO miembros (dni, nombre, apellido, cod_agenda) VALUES ('12', 'Miembro 12', 'Apellido', 0);
INSERT INTO miembros (dni, nombre, apellido, cod_agenda) VALUES ('24', 'Miembro 24', 'Apellido', 0);
INSERT INTO miembros (dni, nombre, apellido, cod_agenda) VALUES ('1', 'Miembro 1', 'Apellido', 0);
INSERT INTO miembros (dni, nombre, apellido, cod_agenda) VALUES ('13', 'Miembro 13', 'Apellido', 0);
INSERT INTO miembros (dni, nombre, apellido, cod_agenda) VALUES ('25', 'Miembro 25', 'Apellido', 0);
INSERT INTO miembros (dni, nombre, apellido, cod_agenda) VALUES ('2', 'Miembro 2', 'Apellido', 0);
INSERT INTO miembros (dni, nombre, apellido, cod_agenda) VALUES ('14', 'Miembro 14', 'Apellido', 0);
INSERT INTO miembros (dni, nombre, apellido, cod_agenda) VALUES ('26', 'Miembro 26', 'Apellido', 0);
INSERT INTO miembros (dni, nombre, apellido, cod_agenda) VALUES ('3', 'Miembro 3', 'Apellido', 0);
INSERT INTO miembros (dni, nombre, apellido, cod_agenda) VALUES ('15', 'Miembro 15', 'Apellido', 0);
INSERT INTO miembros (dni, nombre, apellido, cod_agenda) VALUES ('27', 'Miembro 27', 'Apellido', 0);
INSERT INTO miembros (dni, nombre, apellido, cod_agenda) VALUES ('4', 'Miembro 4', 'Apellido', 0);
INSERT INTO miembros (dni, nombre, apellido, cod_agenda) VALUES ('16', 'Miembro 16', 'Apellido', 0);
INSERT INTO miembros (dni, nombre, apellido, cod_agenda) VALUES ('28', 'Miembro 28', 'Apellido', 0);
INSERT INTO miembros (dni, nombre, apellido, cod_agenda) VALUES ('5', 'Miembro 5', 'Apellido', 0);
INSERT INTO miembros (dni, nombre, apellido, cod_agenda) VALUES ('17', 'Miembro 17', 'Apellido', 0);
INSERT INTO miembros (dni, nombre, apellido, cod_agenda) VALUES ('29', 'Miembro 29', 'Apellido', 0);
INSERT INTO miembros (dni, nombre, apellido, cod_agenda) VALUES ('6', 'Miembro 6', 'Apellido', 0);
INSERT INTO miembros (dni, nombre, apellido, cod_agenda) VALUES ('18', 'Miembro 18', 'Apellido', 0);
INSERT INTO miembros (dni, nombre, apellido, cod_agenda) VALUES ('30', 'Miembro 30', 'Apellido', 0);
INSERT INTO miembros (dni, nombre, apellido, cod_agenda) VALUES ('7', 'Miembro 7', 'Apellido', 0);
INSERT INTO miembros (dni, nombre, apellido, cod_agenda) VALUES ('19', 'Miembro 19', 'Apellido', 0);
INSERT INTO miembros (dni, nombre, apellido, cod_agenda) VALUES ('31', 'Miembro 31', 'Apellido', 0);
INSERT INTO miembros (dni, nombre, apellido, cod_agenda) VALUES ('8', 'Miembro 8', 'Apellido', 0);
INSERT INTO miembros (dni, nombre, apellido, cod_agenda) VALUES ('20', 'Miembro 20', 'Apellido', 0);
INSERT INTO miembros (dni, nombre, apellido, cod_agenda) VALUES ('32', 'Miembro 32', 'Apellido', 0);
INSERT INTO miembros (dni, nombre, apellido, cod_agenda) VALUES ('9', 'Miembro 9', 'Apellido', 0);
INSERT INTO miembros (dni, nombre, apellido, cod_agenda) VALUES ('21', 'Miembro 21', 'Apellido', 0);
INSERT INTO miembros (dni, nombre, apellido, cod_agenda) VALUES ('33', 'Miembro 33', 'Apellido', 0);
INSERT INTO miembros (dni, nombre, apellido, cod_agenda) VALUES ('10', 'Miembro 10', 'Apellido', 0);
INSERT INTO miembros (dni, nombre, apellido, cod_agenda) VALUES ('22', 'Miembro 22', 'Apellido', 0);
INSERT INTO miembros (dni, nombre, apellido, cod_agenda) VALUES ('34', 'Miembro 34', 'Apellido', 0);
INSERT INTO miembros (dni, nombre, apellido, cod_agenda) VALUES ('11', 'Miembro 11', 'Apellido', 0);
INSERT INTO miembros (dni, nombre, apellido, cod_agenda) VALUES ('23', 'Miembro 23', 'Apellido', 0);
INSERT INTO miembros (dni, nombre, apellido, cod_agenda) VALUES ('35', 'Miembro 35', 'Apellido', 0);
INSERT INTO contratos_equipo_miembro (cod_equipo, cod_miembro, funcion, fecha_entrada) VALUES (0, 0, 'p', TO_DATE('01/01/2022', 'DD/MM/YYYY'));
INSERT INTO contratos_equipo_miembro (cod_equipo, cod_miembro, funcion, fecha_entrada) VALUES (0, 12, 's', TO_DATE('01/01/2022', 'DD/MM/YYYY'));
INSERT INTO contratos_equipo_miembro (cod_equipo, cod_miembro, funcion, fecha_entrada) VALUES (0, 24, 'e', TO_DATE('01/01/2022', 'DD/MM/YYYY'));
INSERT INTO contratos_equipo_miembro (cod_equipo, cod_miembro, funcion, fecha_entrada) VALUES (1, 1, 'p', TO_DATE('01/01/2022', 'DD/MM/YYYY'));
INSERT INTO contratos_equipo_miembro (cod_equipo, cod_miembro, funcion, fecha_entrada) VALUES (1, 13, 's', TO_DATE('01/01/2022', 'DD/MM/YYYY'));
INSERT INTO contratos_equipo_miembro (cod_equipo, cod_miembro, funcion, fecha_entrada) VALUES (1, 25, 'e', TO_DATE('01/01/2022', 'DD/MM/YYYY'));
INSERT INTO contratos_equipo_miembro (cod_equipo, cod_miembro, funcion, fecha_entrada) VALUES (2, 2, 'p', TO_DATE('01/01/2022', 'DD/MM/YYYY'));
INSERT INTO contratos_equipo_miembro (cod_equipo, cod_miembro, funcion, fecha_entrada) VALUES (2, 14, 's', TO_DATE('01/01/2022', 'DD/MM/YYYY'));
INSERT INTO contratos_equipo_miembro (cod_equipo, cod_miembro, funcion, fecha_entrada) VALUES (2, 26, 'e', TO_DATE('01/01/2022', 'DD/MM/YYYY'));
INSERT INTO contratos_equipo_miembro (cod_equipo, cod_miembro, funcion, fecha_entrada) VALUES (3, 3, 'p', TO_DATE('01/01/2022', 'DD/MM/YYYY'));
INSERT INTO contratos_equipo_miembro (cod_equipo, cod_miembro, funcion, fecha_entrada) VALUES (3, 15, 's', TO_DATE('01/01/2022', 'DD/MM/YYYY'));
INSERT INTO contratos_equipo_miembro (cod_equipo, cod_miembro, funcion, fecha_entrada) VALUES (3, 27, 'e', TO_DATE('01/01/2022', 'DD/MM/YYYY'));
INSERT INTO contratos_equipo_miembro (cod_equipo, cod_miembro, funcion, fecha_entrada) VALUES (4, 4, 'p', TO_DATE('01/01/2022', 'DD/MM/YYYY'));
INSERT INTO contratos_equipo_miembro (cod_equipo, cod_miembro, funcion, fecha_entrada) VALUES (4, 16, 's', TO_DATE('01/01/2022', 'DD/MM/YYYY'));
INSERT INTO contratos_equipo_miembro (cod_equipo, cod_miembro, funcion, fecha_entrada) VALUES (4, 28, 'e', TO_DATE('01/01/2022', 'DD/MM/YYYY'));
INSERT INTO contratos_equipo_miembro (cod_equipo, cod_miembro, funcion, fecha_entrada) VALUES (5, 5, 'p', TO_DATE('01/01/2022', 'DD/MM/YYYY'));
INSERT INTO contratos_equipo_miembro (cod_equipo, cod_miembro, funcion, fecha_entrada) VALUES (5, 17, 's', TO_DATE('01/01/2022', 'DD/MM/YYYY'));
INSERT INTO contratos_equipo_miembro (cod_equipo, cod_miembro, funcion, fecha_entrada) VALUES (5, 29, 'e', TO_DATE('01/01/2022', 'DD/MM/YYYY'));
INSERT INTO contratos_equipo_miembro (cod_equipo, cod_miembro, funcion, fecha_entrada) VALUES (6, 6, 'p', TO_DATE('01/01/2022', 'DD/MM/YYYY'));
INSERT INTO contratos_equipo_miembro (cod_equipo, cod_miembro, funcion, fecha_entrada) VALUES (6, 18, 's', TO_DATE('01/01/2022', 'DD/MM/YYYY'));
INSERT INTO contratos_equipo_miembro (cod_equipo, cod_miembro, funcion, fecha_entrada) VALUES (6, 30, 'e', TO_DATE('01/01/2022', 'DD/MM/YYYY'));
INSERT INTO contratos_equipo_miembro (cod_equipo, cod_miembro, funcion, fecha_entrada) VALUES (7, 7, 'p', TO_DATE('01/01/2022', 'DD/MM/YYYY'));
INSERT INTO contratos_equipo_miembro (cod_equipo, cod_miembro, funcion, fecha_entrada) VALUES (7, 19, 's', TO_DATE('01/01/2022', 'DD/MM/YYYY'));
INSERT INTO contratos_equipo_miembro (cod_equipo, cod_miembro, funcion, fecha_entrada) VALUES (7, 31, 'e', TO_DATE('01/01/2022', 'DD/MM/YYYY'));
INSERT INTO contratos_equipo_miembro (cod_equipo, cod_miembro, funcion, fecha_entrada) VALUES (8, 8, 'p', TO_DATE('01/01/2022', 'DD/MM/YYYY'));
INSERT INTO contratos_equipo_miembro (cod_equipo, cod_miembro, funcion, fecha_entrada) VALUES (8, 20, 's', TO_DATE('01/01/2022', 'DD/MM/YYYY'));
INSERT INTO contratos_equipo_miembro (cod_equipo, cod_miembro, funcion, fecha_entrada) VALUES (8, 32, 'e', TO_DATE('01/01/2022', 'DD/MM/YYYY'));
INSERT INTO contratos_equipo_miembro (cod_equipo, cod_miembro, funcion, fecha_entrada) VALUES (9, 9, 'p', TO_DATE('01/01/2022', 'DD/MM/YYYY'));
INSERT INTO contratos_equipo_miembro (cod_equipo, cod_miembro, funcion, fecha_entrada) VALUES (9, 21, 's', TO_DATE('01/01/2022', 'DD/MM/YYYY'));
INSERT INTO contratos_equipo_miembro (cod_equipo, cod_miembro, funcion, fecha_entrada) VALUES (9, 33, 'e', TO_DATE('01/01/2022', 'DD/MM/YYYY'));
INSERT INTO contratos_equipo_miembro (cod_equipo, cod_miembro, funcion, fecha_entrada) VALUES (10, 10, 'p', TO_DATE('01/01/2022', 'DD/MM/YYYY'));
INSERT INTO contratos_equipo_miembro (cod_equipo, cod_miembro, funcion, fecha_entrada) VALUES (10, 22, 's', TO_DATE('01/01/2022', 'DD/MM/YYYY'));
INSERT INTO contratos_equipo_miembro (cod_equipo, cod_miembro, funcion, fecha_entrada) VALUES (10, 34, 'e', TO_DATE('01/01/2022', 'DD/MM/YYYY'));
INSERT INTO contratos_equipo_miembro (cod_equipo, cod_miembro, funcion, fecha_entrada) VALUES (11, 11, 'p', TO_DATE('01/01/2022', 'DD/MM/YYYY'));
INSERT INTO contratos_equipo_miembro (cod_equipo, cod_miembro, funcion, fecha_entrada) VALUES (11, 23, 's', TO_DATE('01/01/2022', 'DD/MM/YYYY'));
INSERT INTO contratos_equipo_miembro (cod_equipo, cod_miembro, funcion, fecha_entrada) VALUES (11, 35, 'e', TO_DATE('01/01/2022', 'DD/MM/YYYY'));
INSERT INTO splits (cod_temporada, nombre, fecha_inicio, fecha_fin) VALUES (0, 'Split 1', TO_DATE('01/07/2024', 'DD/MM/YYYY'), TO_DATE('31/07/2024', 'DD/MM/YYYY'));
INSERT INTO splits (cod_temporada, nombre, fecha_inicio, fecha_fin) VALUES (0, 'Split 2', TO_DATE('01/07/2024', 'DD/MM/YYYY'), TO_DATE('31/07/2024', 'DD/MM/YYYY'));
COMMIT;
